{"cameraMode":{"drawMode":0,"name":"Shaded","section":"Shading Mode"},"sceneLighting":false,"audioPlay":false,"sceneViewState":{"showFog":true,"showMaterialUpdate":false,"showSkybox":false,"showFlares":true,"showImageEffects":true,"showParticleSystems":true},"in2DMode":false,"pivot":{"x":-24.816822052001954,"y":-69.53860473632813,"z":-51.405174255371097},"rotation":{"x":0.27852052450180056,"y":0.5963037014007568,"z":-0.2318713366985321,"w":0.7162987589836121},"size":22.0,"orthographic":false}