{"cameraMode":{"drawMode":0,"name":"Shaded","section":"Shading Mode"},"sceneLighting":false,"audioPlay":false,"sceneViewState":{"showFog":true,"showMaterialUpdate":false,"showSkybox":false,"showFlares":true,"showImageEffects":true,"showParticleSystems":true},"in2DMode":false,"pivot":{"x":-0.14306950569152833,"y":0.7588881850242615,"z":1.319270133972168},"rotation":{"x":0.10935318470001221,"y":-0.07075448334217072,"z":0.007797848898917437,"w":0.9914509654045105},"size":3.3895351886749269,"orthographic":false}